Workbook

Sheet Evaluation Data
D1: 👤 Ground Truth | I1: 🟢 GPT-4o | Q1: 🟣 Claude | Y1: ⚫ Llama 4 | AG1: 🟠 CLIP
A2: Nr | B2: Image ID | C2: Kategorie | D2: Gegenstand | E2: Material | F2: Zustand | G2: Recycelbar | H2: Empfehlung | I2: Gegenstand | J2: Material | K2: Zustand | L2: Recycelbar | M2: Empfehlung | N2: G✓ (1/0) | O2: M✓ (1/0) | P2: Emp (1-3) | Q2: Gegenstand | R2: Material | S2: Zustand | T2: Recycelbar | U2: Empfehlung | V2: G✓ (1/0) | W2: M✓ (1/0) | X2: Emp (1-3) | Y2: Gegenstand | Z2: Material | AA2: Zustand | AB2: Recycelbar | AC2: Empfehlung | AD2: G✓ (1/0) | AE2: M✓ (1/0) | AF2: Emp (1-3) | AG2: Gegenstand | AH2: Material | AI2: Zustand | AJ2: Recycelbar | AK2: Empfehlung | AL2: G✓ (1/0) | AM2: M✓ (1/0) | AN2: Emp (1-3)
A3: 1 | B3: Elektronik_01 | C3: Elektronik | D3: Schnurlostelefon | E3: Kunststoff , Elektronik, Metall, Display | F3: gut | G3: Ja | H3: Weiterverkauf oder Spende empfohlen | I3: Schnurloses Telefon | J3: Kunststoff, Metall | K3: gut | L3: Nein | M3: Weiterverkaufen oder Spenden | N3: 1 | O3: 1 | P3: 3 | Q3: Gigaset DECT-Schnurlostelefon (2 Handteile mit Ladestationen) | R3: Kunststoff (ABS), Elektronik (Leiterplatten, Lithium-Akkus), Metall (Kontakte, Schrauben), LCD-Display | S3: gut | T3: Ja | U3: Weiterverkaufen: Das Set ist in gutem Zustand und funktionsfähig – Verkauf über Kleinanzeigen empfohlen. Alternativ Spenden an Sozialkaufhäuser. Falls defekt: Entsorgung über Elektroaltgeräte-Sammelstellen (kein Hausmüll wegen Akku und Elektronik). | V3: 1 | W3: 1 | X3: 3 | Y3: Schnurlostelefone | Z3: Kunststoff, Metall, Elektronik | AA3: gut | AB3: Ja | AC3: Weiterverkauf oder Spende | AD3: 1 | AE3: 1 | AF3: 3 | AG3: cordless phone (90.5% / 90.5%) | AH3: plastic (29.0%) | AI3: gut | AJ3: Ja | AK3: weiterverkauf oder spenden | AL3: 1 | AM3: 1 | AN3: 3
A4: 2 | B4: Elektronik_02 | C4: Elektronik | D4: Smartphone | E4: Glas, metall , Kunststoff | F4: schlecht | G4: Ja | H4: Elektroschrott | I4: Smartphone | J4: Glas, Metall, Kunststoff | K4: schlecht | L4: Ja | M4: Empfehlung: Reparieren oder Recyceln | N4: 1 | O4: 1 | P4: 3 | Q4: Smartphone (iPhone) mit gebrochenem Display | R4: Glas, Aluminium, Lithium-Ionen-Akku, Leiterplatten, Kupfer, seltene Erden, Kunststoff | S4: schlecht | T4: Ja | U4: Reparieren: Displaytausch bei einem autorisierten Reparaturservice, danach Weiterverkaufen oder Weiterverwenden. Falls Reparatur unwirtschaftlich: Zu einem zertifizierten Elektroschrott-Recyclinghof (z.B. Rücknahmesystem des Herstellers oder kommunale Sammelstelle) bringen – niemals in den Hausmüll. | V4: 1 | W4: 1 | X4: 3 | Y4: Smartphone | Z4: Metall, Glas, Kunststoff | AA4: schlecht | AB4: Ja | AC4: Reparatur oder recyceln | AD4: 1 | AE4: 1 | AF4: 3 | AG4: mobile phone or smartphone (89.7% / 89.7%) | AH4: plastic (41.1%) | AI4: schlecht | AJ4: Ja | AK4: recycle | AL4: 1 | AM4: 1 | AN4: 3
A5: 3 | B5: Elektronik_03 | C5: Elektronik | D5: Haartrockner | E5: Kunststoff , Metall | F5: gut | G5: Ja | H5: Gerät funktionsfähig, Weiterverkauf oder Spende | I5: Haartrockner | J5: Kunststoff | K5: gut | L5: Nein | M5: Weiterverkaufen oder Spenden | N5: 1 | O5: 1 | P5: 3 | Q5: Philips Haartrockner 2100W | R5: Kunststoff (ABS), Elektromotor, Kupferkabel, Metallteile | S5: gut | T5: Ja | U5: Weiterverkaufen oder Spenden – Gerät wirkt neuwertig und funktionsfähig. Falls defekt: Elektroschrott-Recycling bei einer Sammelstelle (z.B. Wertstoffhof oder Elektrohandel) | V5: 1 | W5: 1 | X5: 3 | Y5: Haartrockner | Z5: Plastik, Metall | AA5: mittel | AB5: Ja | AC5: Weiterverwendung oder Recycling | AD5: 1 | AE5: 1 | AF5: 3 | AG5: hand mixer (44.0% / 44.0%) | AH5: Plastic | AI5: gut | AJ5: Ja | AK5: weietrverkauf oder spenden | AL5: 0 | AM5: 1 | AN5: 2
A6: 4 | B6: Elektronik_04 | C6: Elektronik | D6: Laptop | E6: Metall, Kunststoff, Glas | F6: gut | G6: Ja | H6: Weiterverkauf oder Spende empfohlen | I6: Laptop | J6: Metall, Kunststoff, Glas | K6: gut | L6: Ja | M6: Empfehlung: Weiterverkaufen oder Spenden | N6: 1 | O6: 1 | P6: 3 | Q6: Apple MacBook Air (Laptop) | R6: Aluminium-Gehäuse, Kunststoff-Tasten, Glas-Trackpad, Lithium-Ionen-Akku, Leiterplatten, Kupfer, seltene Erden | S6: gut | T6: Ja | U6: Weiterverkaufen – das Gerät befindet sich in einem guten Zustand und hat noch einen hohen Wiederverkaufswert. Alternativ bei Defekten zu einem autorisierten Apple-Händler oder einer Elektronik-Recyclingsstelle (z.B. Apple Trade In) bringen, da das Gerät Sondermüll-Komponenten enthält und nicht in den Hausmüll darf. | V6: 1 | W6: 1 | X6: 3 | Y6: Laptop | Z6: Aluminium, Kunststoff, elektronische Komponenten | AA6: gut | AB6: Ja | AC6: Weiterverkauf oder Spende | AD6: 1 | AE6: 1 | AF6: 3 | AG6: laptop computer (97.8% / 97.8%) | AH6: metal (17.6%) | AI6: gut | AJ6: Ja | AK6: weiterverkauf | AL6: 1 | AM6: 1 | AN6: 3
A7: 5 | B7: Elektronik_05 | C7: Elektronik | D7: Geschirrspüler | E7: Metall, Kunststoff | F7: gut | G7: Ja | H7: Wertstoffhof bringen oder Weitergabe über Kleinanzeigen | I7: Geschirrspülmaschine | J7: Metall, Kunststoff | K7: gut | L7: Ja | M7: Weiterverkaufen oder Spenden | N7: 1 | O7: 1 | P7: 3 | Q7: Geschirrspüler (innen) | R7: Edelstahl, Kunststoff (PP/ABS), verzinkter Stahl (Körbe/Roste) | S7: mittel | T7: Ja | U7: Weiterverkaufen oder Spenden, falls funktionsfähig; bei Defekt zur Elektroschrottentsorgung (Wertstoffhof) bringen, da Elektrogeräte gesondert recycelt werden müssen | V7: 1 | W7: 1 | X7: 3 | Y7: Geschirrspüler | Z7: Metall, Kunststoff | AA7: mittel | AB7: Ja | AC7: Spende oder fachgerechte Entsorgung bei einem Elektroschrott-Recyclinghof | AD7: 1 | AE7: 1 | AF7: 1 | AG7: dishwasher (99.9% / 99.9%) | AH7: metal (23.4%) | AI7: gut | AJ7: Ja | AK7: weietrverkauf oder spenden | AL7: 1 | AM7: 1 | AN7: 3
A8: 6 | B8: Elektronik_06 | C8: Elektronik | D8: Kabelloser Staubsauger | E8: Kunststoff,Metall | F8: gut | G8: Ja | H8: Weiterverkauf oder Spende empfohlen. | I8: kabelloser Staubsauger | J8: Kunststoff, Metall | K8: gut | L8: Ja | M8: Empfehlung: Weiterverwenden oder Spenden | N8: 1 | O8: 1 | P8: 3 | Q8: Dyson V12 Kabelloser Staubsauger | R8: ABS-Kunststoff, Aluminium, Lithium-Ionen-Akku, Elektromotor, Gummi | S8: gut | T8: Ja | U8: Weiterverkaufen – das Gerät befindet sich in einem sehr guten Zustand und ist auf Plattformen wie eBay Kleinanzeigen oder Vinted gut zu verkaufen. Falls defekt: Reparieren über Dyson-Service oder Recyceln über Elektroschrott-Sammelstelle (kein Hausmüll wegen Lithium-Akku). | V8: 1 | W8: 1 | X8: 3 | Y8: Staubsauger | Z8: Kunststoff, Metall, Elektronik | AA8: gut | AB8: Nein | AC8: Weiterverwendung oder Reparieren | AD8: 1 | AE8: 1 | AF8: 3 | AG8: vacuum or vacuum cleaner (82.4% / 82.4%) | AH8: plastic (41.6%) | AI8: gut | AJ8: Ja | AK8: weietrverkauf oder spenden | AL8: 1 | AM8: 1 | AN8: 3
A9: 7 | B9: Elektronik_07 | C9: Elektronik | D9: Waschmaschine | E9: Stahl, Kunststoff, Gummi, Glas | F9: mittel | G9: Ja | H9: Weiterverkauf oder Spende empfohlen. | I9: Waschmaschine | J9: Metall, Kunststoff, Glas | K9: mittel | L9: Nein | M9: Reparieren | N9: 1 | O9: 1 | P9: 1 | Q9: Samsung Waschmaschine | R9: Stahl, Kunststoff, Gummi, Elektronikkomponenten, Glas | S9: mittel | T9: Ja | U9: Weiterverkaufen oder bei einem Elektrogerät-Recyclinghof abgeben – Flecken auf dem Gehäuse sichtbar, aber Gerät scheint funktionsfähig. Bei Defekten zuerst Reparatur prüfen (z.B. Kundendienst oder Reparaturcafé), da Elektroschrott umweltbelastend ist. | V9: 1 | W9: 1 | X9: 3 | Y9: Waschmaschine | Z9: Kunststoff, Metall | AA9: mittel | AB9: Ja | AC9: Zur ordnungsgemäßen Entsorgung und zum Recycling an einen geeigneten Elektroschrott- oder Recyclinghof übergeben | AD9: 1 | AE9: 1 | AF9: 1 | AG9: washing machine (98.7% / 98.7%) | AH9: textile or fabric (32.4%) | AI9: gut | AJ9: Ja | AK9: weietrverkauf oder spenden | AL9: 1 | AM9: 0 | AN9: 3
A10: 8 | B10: Elektronik_08 | C10: Elektronik | D10: Staubsauger | E10: Kunststoff , Metall , Gummi | F10: gut | G10: Ja | H10: Verschenken entsorgen | I10: Staubsauger | J10: Kunststoff, Metall | K10: gut | L10: Nein | M10: Empfehlung: Weiterverwenden | N10: 1 | O10: 1 | P10: 3 | Q10: Staubsauger (Bodenstaubsauger mit Staubbeutel) | R10: Kunststoff (ABS), Metall (Teleskoprohr), Gummi (Schlauch), Filtermaterial (HEPA-Filter, Vlies/Staubbeutel) | S10: gut | T10: Ja | U10: Weiterverkaufen oder Spenden – Gerät erscheint funktionsfähig mit neuem Staubbeutel und sauberem HEPA-Filter; alternativ bei Defekt Elektroschrott-Recyclinghof (WEEE) abgeben | V10: 1 | W10: 1 | X10: 3 | Y10: Staubsauger | Z10: Kunststoff, Metall | AA10: mittel | AB10: Ja | AC10: Elektronik-Recycling | AD10: 1 | AE10: 1 | AF10: 3 | AG10: vacuum or vacuum cleaner (54.7% / 54.7%) | AH10: plastic (28.6%) | AI10: gut | AJ10: Ja | AK10: weietrverkauf oder spenden | AL10: 1 | AM10: 1 | AN10: 2
A11: 9 | B11: Elektronik_09 | C11: Elektronik | D11: Spülmaschine | E11: Edelstahl, Kunststoff, Metall | F11: gut | G11: Ja | H11: Weiterverkauf oder Spende empfohlen | I11: Geschirrspüler | J11: Edelstahl, Kunststoff | K11: mittel | L11: Ja | M11: Reparieren (aks with background) | N11: 1 | O11: 1 | P11: 1 | Q11: Siemens Geschirrspüler / Spülmaschine | R11: Edelstahl (Gehäuse), Kunststoff (Bedienfeld), Elektronik, Gummi, Metall | S11: mittel | T11: Ja | U11: Weiterverkaufen oder Spenden – das Gerät erscheint funktionsfähig und ist eine bekannte Marke. Falls defekt: Elektrogeräte-Recycling über kommunalen Wertstoffhof oder Hersteller-Rücknahmeprogramm. | V11: 1 | W11: 1 | X11: 3 | Y11: Geschirrspüler | Z11: Edelstahl, Kunststoff, Elektronik | AA11: mittel | AB11: Ja | AC11: Der Geschirrspüler sollte bei einem Fachmann oder einem Recyclinghof für Elektroschrott abgegeben werden, um eine ordnungsgemäße Entsorgung und Wiederverwertung der enthaltenen Materialien sicherzustellen. | AD11: 1 | AE11: 1 | AF11: 1 | AG11: dishwasher (90.1% / 90.1%) | AH11: metal | AI11: gut | AJ11: Ja | AK11: weietrverkauf oder spenden | AL11: 1 | AM11: 1 | AN11: 3
A12: 10 | B12: Elektronik_10 | C12: Elektronik | D12: TV | E12: Kunststoff, Glas, Metall | F12: gut | G12: Ja | H12: Wertstoffhof ,Verkauf/Spende über Kleinanzeigen | I12: Fernseher | J12: Kunststoff, Glas, Metall | K12: mittel | L12: Ja | M12: Empfehlung: Weiterverkaufen oder Spenden | N12: 1 | O12: 1 | P12: 3 | Q12: Samsung Flachbildfernseher mit Fernbedienung | R12: Kunststoff, Glas, Metall, elektronische Bauteile (Platinen, Kupfer, seltene Erden) | S12: gut | T12: Ja | U12: Weiterverkaufen – das Gerät befindet sich in einem optisch guten Zustand und ist funktionsfähig (Fernbedienung vorhanden). Verkauf über Kleinanzeigen empfohlen. Falls defekt: Abgabe an Elektroaltgeräte-Sammelstelle (WEEE-Richtlinie). | V12: 1 | W12: 1 | X12: 3 | Y12: Fernseher | Z12: Kunststoff, Metall, Glas | AA12: gut | AB12: Ja | AC12: Wiederverwendung oder fachgerechte Entsorgung bei einem Elektroschrott-Recyclinghof | AD12: 1 | AE12: 1 | AF12: 3 | AG12: TV or television screen (99.3% / 99.3%) | AH12: plastic | AI12: gut | AJ12: Ja | AK12: weietrverkauf oder spenden | AL12: 1 | AM12: 1 | AN12: 3
A13: 11 | B13: Elektronik_11 | C13: Elektronik | D13: Geschirrspüler | E13: Edelstahl , Kunststoff, Metall | F13: gut | G13: Ja | H13: Verkauf | I13: Geschirrspüler | J13: Metall, Kunststoff | K13: gut | L13: Ja | M13: Empfehlung: Weiterverkaufen oder Spenden | N13: 1 | O13: 1 | P13: 3 | Q13: Geschirrspüler (Constructa, Unterbau/freistehend, schmal 45cm) | R13: Edelstahl (Gehäuse), Kunststoff (Innenteile, Schläuche), Elektronik, Metall | S13: gut | T13: Ja | U13: Weiterverkaufen (z.B. eBay Kleinanzeigen), da das Gerät optisch in gutem Zustand ist und die Marke Constructa (Bosch-Gruppe) bekannt und wertig ist | V13: 1 | W13: 1 | X13: 3 | Y13: Geschirrspüler | Z13: Metall, Kunststoff, Elektronik | AA13: gut | AB13: Ja | AC13: Bei einem Fachmann oder einem kommunalen Recyclinghof für Elektroschrott abgeben | AD13: 1 | AE13: 1 | AF13: 3 | AG13: dishwasher (95.8% / 95.8%) | AH13: textile or fabric (20.4%) | AI13: gut | AJ13: Ja | AK13: recycle | AL13: 1 | AM13: 0 | AN13: 1
A14: 12 | B14: Home_01 | C14: Home | D14: Holzregal | E14: Holz | F14: gut | G14: Ja | H14: Weiterverkauf oder verschenken | I14: Regal | J14: Holz | K14: gut | L14: Ja | M14: Empfehlung: Weiterverkaufen oder Spenden | N14: 1 | O14: 1 | P14: 3 | Q14: Holzregal (5 Etagen) | R14: Massivholz (Birke/Kiefer) | S14: gut | T14: Ja | U14: Weiterverkaufen oder Spenden | V14: 1 | W14: 1 | X14: 3 | Y14: Holzregal | Z14: Holz | AA14: gut | AB14: Ja | AC14: Weiterverkauf oder Spende | AD14: 1 | AE14: 1 | AF14: 3 | AG14: chair (75.9% / 75.9%) | AH14: wood (57.9%) | AI14: mittel | AJ14: Ja | AK14: weietrverkauf oder spenden | AL14: 0 | AM14: 1 | AN14: 3
... A60: 58 | B60: Möbel_13 | C60: Möbel | D60: Sofa | E60: Holzrahmen, Schaumstoff,Polyester | F60: mittel | G60: Ja | H60: Spermüll | I60: Sofa | J60: Stoff, Polster | K60: mittel | L60: Nein | M60: Reinigen oder Reparieren | N60: 1 | O60: 1 | P60: 3 | Q60: Sofa / Couch (2-Sitzer) | R60: Holzrahmen, Schaumstoffpolsterung, Stoffbezug (Polyester/Baumwollmischgewebe, grau) | S60: mittel | T60: Ja | U60: Spenden oder Weiterverkaufen (z.B. auf eBay Kleinanzeigen), da das Sofa noch nutzbar ist, jedoch sichtbare Gebrauchsspuren und leichte Verschmutzungen auf dem Sitzkissen aufweist. Alternativ professionelle Polsterreinigung in Betracht ziehen, um den Wert zu steigern. | V60: 1 | W60: 1 | X60: 3 | Y60: Sofa | Z60: Stoff/Textil | AA60: mittel | AB60: Ja | AC60: Spende oder fachgerechte Entsorgung über einen Möbel-Recycling-Service | AD60: 1 | AE60: 1 | AF60: 3 | AG60: sofa (95.6% / 95.6%) | AH60: metal (17.6%) | AI60: gut | AJ60: Ja | AK60: weiterverkauf | AL60: 1 | AM60: 0 | AN60: 1

Sheet Metriken
A1: 📊 Evaluation Metriken — 58 Bilder
A2: Metrik / Parameter | B2: GPT-4o | C2: Claude | D2: Llama 4 | E2: CLIP
A3: Accuracy (automatisch)
A4: Zustand Accuracy | B4: =SUMPRODUCT(('Evaluation Data'!K3:K60='Evaluation Data'!F3:F60)*1)/58 -> 0.77586207 | C4: =SUMPRODUCT(('Evaluation Data'!S3:S60='Evaluation Data'!F3:F60)*1)/58 -> 0.75862069 | D4: =SUMPRODUCT(('Evaluation Data'!AA3:AA60='Evaluation Data'!F3:F60)*1)/58 -> 0.63793103 | E4: =SUMPRODUCT(('Evaluation Data'!AI3:AI60='Evaluation Data'!F3:F60)*1)/58 -> 0.56896552
A5: Recycelbar Accuracy | B5: =SUMPRODUCT(('Evaluation Data'!L3:L60='Evaluation Data'!G3:G60)*1)/58 -> 0.65517241 | C5: =SUMPRODUCT(('Evaluation Data'!T3:T60='Evaluation Data'!G3:G60)*1)/58 -> 0.82758621 | D5: =SUMPRODUCT(('Evaluation Data'!AB3:AB60='Evaluation Data'!G3:G60)*1)/58 -> 0.77586207 | E5: =SUMPRODUCT(('Evaluation Data'!AJ3:AJ60='Evaluation Data'!G3:G60)*1)/58 -> 0.81034483
A7: Accuracy (manuell bewertet)
A8: Gegenstand Accuracy | B8: =IFERROR(SUM('Evaluation Data'!N3:N60)/58,"–") -> 1 | C8: =IFERROR(SUM('Evaluation Data'!V3:V60)/58,"–") -> 0.98275862 | D8: =IFERROR(SUM('Evaluation Data'!AD3:AD60)/58,"–") -> 0.96551724 | E8: =IFERROR(SUM('Evaluation Data'!AL3:AL60)/58,"–") -> 0.94827586
A9: Material Accuracy | B9: =IFERROR(SUM('Evaluation Data'!O3:O60)/58,"–") -> 1 | C9: =IFERROR(SUM('Evaluation Data'!W3:W60)/58,"–") -> 0.98275862 | D9: =IFERROR(SUM('Evaluation Data'!AE3:AE60)/58,"–") -> 1 | E9: =IFERROR(SUM('Evaluation Data'!AM3:AM60)/58,"–") -> 0.53448276
A11: MAE — Zustand (↓ besser)
A12: MAE Zustand | B12: =IFERROR(SUMPRODUCT(ABS((('Evaluation Data'!K3:K60="gut")*3+('Evaluation Data'!K3:K60="mittel")*2+('Evaluation Data'!K3:K60="schlecht")*1)-(('Evaluation Data'!F3:F60="gut")*3+('Evaluation Data'!F3:F60="mittel")*2+('Evaluation Data'!F3:F60="schlecht")*1)))/58,"–") -> 0.24137931 | C12: =IFERROR(SUMPRODUCT(ABS((('Evaluation Data'!S3:S60="gut")*3+('Evaluation Data'!S3:S60="mittel")*2+('Evaluation Data'!S3:S60="schlecht")*1)-(('Evaluation Data'!F3:F60="gut")*3+('Evaluation Data'!F3:F60="mittel")*2+('Evaluation Data'!F3:F60="schlecht")*1)))/58,"–") -> 0.27586207 | D12: =IFERROR(SUMPRODUCT(ABS((('Evaluation Data'!AA3:AA60="gut")*3+('Evaluation Data'!AA3:AA60="mittel")*2+('Evaluation Data'!AA3:AA60="schlecht")*1)-(('Evaluation Data'!F3:F60="gut")*3+('Evaluation Data'!F3:F60="mittel")*2+('Evaluation Data'!F3:F60="schlecht")*1)))/58,"–") -> 0.39655172 | E12: =IFERROR(SUMPRODUCT(ABS((('Evaluation Data'!AI3:AI60="gut")*3+('Evaluation Data'!AI3:AI60="mittel")*2+('Evaluation Data'!AI3:AI60="schlecht")*1)-(('Evaluation Data'!F3:F60="gut")*3+('Evaluation Data'!F3:F60="mittel")*2+('Evaluation Data'!F3:F60="schlecht")*1)))/58,"–") -> 0.60344828
A14: F1-Score — Recycelbar
A15: Precision | B15: =IFERROR(SUMPRODUCT(('Evaluation Data'!L3:L60="Ja")*('Evaluation Data'!G3:G60="Ja"))/SUMPRODUCT(('Evaluation Data'!L3:L60="Ja")*1),"–") -> 0.88571429 | C15: =IFERROR(SUMPRODUCT(('Evaluation Data'!T3:T60="Ja")*('Evaluation Data'!G3:G60="Ja"))/SUMPRODUCT(('Evaluation Data'!T3:T60="Ja")*1),"–") -> 0.8627451 | D15: =IFERROR(SUMPRODUCT(('Evaluation Data'!AB3:AB60="Ja")*('Evaluation Data'!G3:G60="Ja"))/SUMPRODUCT(('Evaluation Data'!AB3:AB60="Ja")*1),"–") -> 0.82692308 | E15: =IFERROR(SUMPRODUCT(('Evaluation Data'!AJ3:AJ60="Ja")*('Evaluation Data'!G3:G60="Ja"))/SUMPRODUCT(('Evaluation Data'!AJ3:AJ60="Ja")*1),"–") -> 0.83333333
A16: Recall | B16: =IFERROR(SUMPRODUCT(('Evaluation Data'!L3:L60="Ja")*('Evaluation Data'!G3:G60="Ja"))/SUMPRODUCT(('Evaluation Data'!G3:G60="Ja")*1),"–") -> 0.65957447 | C16: =IFERROR(SUMPRODUCT(('Evaluation Data'!T3:T60="Ja")*('Evaluation Data'!G3:G60="Ja"))/SUMPRODUCT(('Evaluation Data'!G3:G60="Ja")*1),"–") -> 0.93617021 | D16: =IFERROR(SUMPRODUCT(('Evaluation Data'!AB3:AB60="Ja")*('Evaluation Data'!G3:G60="Ja"))/SUMPRODUCT(('Evaluation Data'!G3:G60="Ja")*1),"–") -> 0.91489362 | E16: =IFERROR(SUMPRODUCT(('Evaluation Data'!AJ3:AJ60="Ja")*('Evaluation Data'!G3:G60="Ja"))/SUMPRODUCT(('Evaluation Data'!G3:G60="Ja")*1),"–") -> 0.95744681
A17: F1-Score | B17: =IFERROR(2*B15*B16/(B15+B16),"–") -> 0.75609756 | C17: =IFERROR(2*C15*C16/(C15+C16),"–") -> 0.89795918 | D17: =IFERROR(2*D15*D16/(D15+D16),"–") -> 0.86868687 | E17: =IFERROR(2*E15*E16/(E15+E16),"–") -> 0.89108911
A19: Empfehlung — Relevanz (1–3)
A20: Ø Relevanz-Score | B20: =IFERROR(AVERAGE('Evaluation Data'!P3:P60),"–") -> 2.6896552 | C20: =IFERROR(AVERAGE('Evaluation Data'!X3:X60),"–") -> 2.862069 | D20: =IFERROR(AVERAGE('Evaluation Data'!AF3:AF60),"–") -> 2.6896552 | E20: =IFERROR(AVERAGE('Evaluation Data'!AN3:AN60),"–") -> 2.4137931
